id	title	title_source	title_uri	ccodes	matches	variants	types	aat_types	lon	lat	geo_source	geo_id
1649378	Bekasi	GeoNames	https://www.geonames.org/1649378	ID	https://www.geonames.org/1649378	Bekasi;Bekasis;Kota Bekasi;Kutha Bekasi;beukasi;bkasy;bukashi;bykasy;wu jia si;Ğ‘ĞµĞºĞ°ÑĞ¸;Ğ‘ĞµĞºĞ°ÑÑ–;×‘×§××¡×™;Ø¨ÙŠÙƒØ§Ø³ÙŠ;Ø¨Ú©Ø§Ø³ÛŒ;áƒ‘áƒ”áƒ™áƒáƒ¡áƒ˜;á á´á‚;ãƒ–ã‚«ã‚·;å‹¿åŠ æ³—;ë¸Œì¹´ì‹œ	populated place	300008347;300008389	106.9896	-6.2349	GeoNames	https://www.geonames.org/1649378
1673820	Kaohsiung	GeoNames	https://www.geonames.org/1673820	TW	https://www.geonames.org/1673820	Gaosjun;Gaosyongshih;Gaoxiong;Gaoxiongshi;KHH;Kao-hsiung;Kao-hsiung-shih;Kaohsiung;Kaohsiung City;Takao;gao xiong;gao xiong fu;gao xiong shi;gaosyung si;Ğ“Ğ°Ğ¾ÑÑĞ½;é«˜é›„;é«˜é›„å·¿;é«˜é›„å¸‚;ê°€ì˜¤ìŠ ì‹œ	populated place	300008347;300008389	120.31333	22.61626	GeoNames	https://www.geonames.org/1673820
2673730	Stockholm	GeoNames	https://www.geonames.org/2673730	SE	https://www.geonames.org/2673730	Estocolm;Estocolme;Estocolmo;Estocolmu;EstocÃ²lme;Estokolma;Estokolmo;Holmia;STO;Stakgol'm;Stjokolna;Stoccholm;Stoccolma;Stockholbma;Stockholm;Stockolm;Stocolm;Stocolma;StocÃ²lma;StocÃ³lma;Stokcholme;Stokgol'm;Stokgol'm osh;Stokgolm;Stokhol'm;Stokholm;Stokholma;Stokholmas;Stokholmi;Stokholmo;Stokkholm;Stokkholmur;StokkhÃ³lmur;Stokkolma;Stokol'ma;Stokolm;Stuculma;Stuokhuolms;StÃ³cÃ³lm;Sztokholm;SztokhÃ²lm;Tukholma;astkhlm;satakahoma;seutogholleum;si de ge er mo;stak'hom;stakahoma;stokahoma;stwkhwlm;stwqhwlm;stxkholm;sutokkuhorumu;Å tokholm;Î£Ï„Î¿ÎºÏ‡ÏŒÎ»Î¼Î·;Ğ¡Ñ‚Ğ°ĞºĞ³Ğ¾Ğ»ÑŒĞ¼;Ğ¡Ñ‚Ğ¾ĞºhĞ¾Ğ»ÑŒĞ¼;Ğ¡Ñ‚Ğ¾ĞºĞ³Ğ¾Ğ»ÑŒĞ¼;Ğ¡Ñ‚Ğ¾ĞºĞ³Ğ¾Ğ»ÑŒĞ¼ Ğ¾Ñˆ;Ğ¡Ñ‚Ğ¾ĞºĞ¾Ğ»ÑŒĞ¼Ğ°;Ğ¡Ñ‚Ğ¾ĞºÑ…Ğ¾Ğ»Ğ¼;Ğ¡Ñ‚Ğ¾ĞºÒ³Ğ¾Ğ»Ğ¼;Ğ¡Ñ‚Ñ‘ĞºĞ¾Ğ»Ğ½Ğ°;ÕÕ¿Õ¸Õ¯Õ°Õ¸Õ¬Õ´;×¡×˜×•×§×”×•×œ×;×©×˜××§×”××œ×;Ø§Ø³ØªÚ©Ù‡Ù„Ù…;Ø³ØªÙˆÙƒÙ‡ÙˆÙ„Ù…;Ø³ØªÛ†Ú©Ú¾Û†ÚµÙ…;Ø³Ù¹Ø§Ú©ÛÙˆÙ…;Ü£Ü›Ü˜Ü©Ü—Ü˜Ü Ü¡;à¤¸à¥à¤Ÿà¤•à¤¹à¥‹à¤®;à¤¸à¥à¤Ÿà¥‰à¤•à¤¹à¥‹à¤®;à¤¸à¥à¤¤à¤•à¤¹à¥‹à¤®;à¦¸à§à¦Ÿà¦•à¦¹à§‹à¦®;à¨¸à¨Ÿà¨¾à¨•à¨¹à©‹à¨®;à®¸à¯à®Ÿà®¾à®•à¯à®¹à¯‹à®®à¯;à°¸à±à°Ÿà°¾à°•à±â€Œà°¹à±‹à°®à±;à²¸à³à²Ÿà²¾à²•à³â€à²¹à³‹à²®à³;à´¸àµà´±àµà´±àµ‹à´•àµà´•àµâ€Œà´¹àµ‹à´‚;à¸ªà¸•à¸­à¸à¹‚à¸®à¸¥à¹Œà¸¡;à½¦à½²à¼‹à½à½¼à½‚à¼‹à½§à½¼à¼‹à½£à½²à½˜à¼;á€…á€á€±á€¬á€·á€Ÿá€¯á€™á€ºá€¸á€™á€¼á€­á€¯á€·;áƒ¡áƒ¢áƒáƒ™áƒ°áƒáƒšáƒ›áƒ˜;áˆµá‰¶áŠ®áˆáˆ;á”…á‘‘á’ƒá“±á“ªá’»/stuukhulm;ã‚¹ãƒˆãƒƒã‚¯ãƒ›ãƒ«ãƒ ;æ–¯å¾·å“¥å°”æ‘©;æ–¯å¾·å“¥çˆ¾æ‘©;ìŠ¤í†¡í™€ë¦„;ğƒğ„ğŒ¿ğŒºğŒºğŒ°ğŒ·ğŒ¿ğŒ»ğŒ¼ğƒ	populated place	300008347;300008389	18.0649	59.33258	GeoNames	https://www.geonames.org/2673730
1720151	Caloocan City	GeoNames	https://www.geonames.org/1720151	PH	https://www.geonames.org/1720151	Caloocan;Caloocan City	populated place	300008347;300008389	120.96788	14.64953	GeoNames	https://www.geonames.org/1720151
4005539	Guadalajara	GeoNames	https://www.geonames.org/4005539	MX	https://www.geonames.org/4005539	Atemaxac;GDL;Gouadalachara;Guadalajara;Guadalajara i Jalisco;Guadalakhara;Guadalaxara;Gvadalachara;Gvadalahara;Gvadalaharo;Gvadalakhara;Gvadalakharae;gatalajara;ghwadalakhara;gu'adalahara;gua da la ha la;guadarahara;gvadalahara;gvadalakhara;gwadalakhara  khalyskw;gwadallahala;gwwdlhrh;kwa da la ha ra;Ä€temaxac;Î“Î¿Ï…Î±Î´Î±Î»Î±Ï‡Î¬ÏÎ±;Ğ“Ğ²Ğ°Ğ´Ğ°Ğ»Ğ°Ñ…Ğ°Ñ€Ã¦;Ğ“Ğ²Ğ°Ğ´Ğ°Ğ»Ğ°Ñ…Ğ°Ñ€Ğ°;Ğ“ÑƒĞ°Ğ´Ğ°Ğ»Ğ°Ñ…Ğ°Ñ€Ğ°;×’×•×•×“×œ×—×¨×”;ØºÙˆØ§Ø¯Ø§Ù„Ø§Ø®Ø§Ø±Ø§;Ú¯ÙˆØ§Ø¯Ø§Ù„Ø§Ø®Ø§Ø±Ø§ØŒ Ø®Ø§Ù„ÛŒØ³Ú©Ùˆ;Ú¯ÙˆØ§ÚˆÙ„ÛØ§Ø±Ø§;à¤—à¥à¤µà¤¾à¤¦à¤¾à¤²à¤¾à¤¹à¤¾à¤°à¤¾;à¨—à©à¨†à¨¦à¨¾à¨²à¨¾à¨¹à¨¾à¨°à¨¾;à´—àµ—à´¤à´²à´œà´¾à´±;à¸à¸§à¸²à¸”à¸²à¸¥à¸²à¸®à¸²à¸£à¸²;áƒ’áƒ•áƒáƒ“áƒáƒšáƒáƒ®áƒáƒ áƒ;ã‚°ã‚¢ãƒ€ãƒ©ãƒãƒ©;ç“œè¾¾æ‹‰å“ˆæ‹‰;ê³¼ë‹¬ë¼í•˜ë¼	populated place	300008347;300008389	-103.39182	20.66682	GeoNames	https://www.geonames.org/4005539
5125771	Manhattan	GeoNames	https://www.geonames.org/5125771	US	https://www.geonames.org/5125771	Borough of Manhattan;Manatans;Manathans;Manathas;Manathes;Manatte;Manhattan;Manhattanville;Mankhetten;Mannahattan;Menathans;maenhaeteun;man ha dun;manhatn;mnhtn;mÃ¦n hat tan;ĞœĞ°Ğ½Ñ…ĞµÑ‚Ñ‚ĞµĞ½;×× ×”×˜×Ÿ;Ù…Ø§Ù†Ù‡Ø§ØªÙ†;à¹à¸¡à¸™à¸®à¸±à¸•à¸•à¸±à¸™;æ›¼å“ˆé¡¿;ë§¨í•´íŠ¼	populated place	300008347;300008389	-73.96625	40.78343	GeoNames	https://www.geonames.org/5125771
3439389	AsunciÃ³n	GeoNames	https://www.geonames.org/3439389	PY	https://www.geonames.org/3439389	ASU;Asounsion;Asounsyon;AsounsyÃ²n;Asounthion;Assumptio;Assuncao;Assuncion;AssunÃ§Ã£o;Asuncion;Asunciono;AsunciÃ³n;Asuns'jon;Asuns'on;Asunsaun;Asunsion;Asunsjon;Asunsjona;Asunsjonas;Asunson;Asunsyon;Asunsyun;AsÃºnsjÃ³n;Gunung Berapi Asuncion;La Muy Noble y Leal Ciudad de Nuestra Senora Santa Maria de la Asuncion;La Muy Noble y Leal Ciudad de Nuestra SeÃ±ora Santa MarÃ­a de la AsunciÃ³n;Nuestra Senora Santa Maria de la Asuncion;Nuestra SeÃ±ora Santa MarÃ­a de la AsunciÃ³n;Paraguay;acunciyon;asnshn;asunshion;asunsion;asunsioni;asunsiyona;asusi'ona;aswnsywn;xa sun si xxng;ya song sen;Î‘ÏƒÎ¿Ï…Î½Î¸Î¹ÏŒÎ½;Î‘ÏƒÎ¿Ï…Î½ÏƒÎ¹ÏŒÎ½;ĞÑÑƒĞ½ÑĞ¸Ğ¾Ğ½;ĞÑÑƒĞ½ÑÑŒĞ¹Ğ¾Ğ½;ĞÑÑƒĞ½ÑÑŒĞ¾Ğ½;ĞÑÑƒĞ½ÑÑŒÑ‘Ğ½;Ô±Õ½Õ¸Ö‚Õ¶Õ½ÕµÕ¸Õ¶;××¡×•× ×¡×™××Ÿ;××¡×•× ×¡×™×•×Ÿ;Ø¢Ø³ÙˆÙ†Ø³ÛŒÙˆÙ†;Ø£Ø³ÙˆÙ†Ø³ÙŠÙˆÙ†;Ø¦Ø§Ø³Û‡Ù†Ø³Ù‰Ø¦ÙˆÙ†;Ø§Ø³Ù†Ø´Ù†;Ø§Ø³ÙˆÙ†Ø³ÛŒÙˆÙ†;à¤†à¤¸à¥à¤¨à¥à¤¸à¤¿à¤¯à¥‹à¤¨;à¨…à¨¸à©‚à©°à¨¸à©€à¨“à¨¨;à®…à®šà¯à®©à¯à®šà®¿à®¯à¯‹à®©à¯;à²…à²¸à³‚à²¨à³â€Œà²¸à²¿à²¯à²¾à²¨à³;à¸­à¸°à¸‹à¸¸à¸™à¸‹à¸´à¸­à¸­à¸‡;à½¨à¼‹à½¦à½´à½“à¼‹à½¦à½²à¼‹à½ à½“à¼;áƒáƒ¡áƒ£áƒœáƒ¡áƒ˜áƒáƒœáƒ˜;áŠ áˆ±áŠ•áˆ²á‹®áŠ•;ã‚¢ã‚¹ãƒ³ã‚·ã‚ªãƒ³;äºæ¾æ£®;ì•„ìˆœì‹œì˜¨	populated place	300008347;300008389	-57.647	-25.28646	GeoNames	https://www.geonames.org/3439389
3390760	Recife	GeoNames	https://www.geonames.org/3390760	BR	https://www.geonames.org/3390760	Arrecife;Fernambucum;Mauricea;MauricÃ©a;Pernambuco;REC;Recife;Rehsifi;Resife;Resifi;ResifÄ—;hesiphi;hesipi;lei xi fei;li si fei;re sifi;recihpi;reshife;resiphe;resipi;risifi;rsyph;rysyf;rysyfy;Î¡ÎµÏƒÎ¯Ï†Îµ;Ğ ĞµÑĞ¸Ñ„Ğµ;Ğ ĞµÑĞ¸Ñ„Ğ¸;Ğ ĞµÑÑ–Ñ„Ñ–;Ğ ÑÑÑ–Ñ„Ñ–;ÕŒÕ¥Õ½Õ«Ö†Õ«;×¨×¡×™×¤×”;Ø±ÙŠØ³ÙŠÙÙŠ;Ø±ÛŒØ³ÛŒÙ;à¤°à¤¿à¤¸à¥€à¤«à¤¼à¥€;à¤°à¥‡à¤¸à¤¿à¤«à¥‡;à¦°à§‡à¦¸à¦¿à¦«à§‡;à¦¹à§‡à¦¸à¦¿à¦«à¦¿;à®°à¯†à®šà®¿à®ƒà®ªà®¿;à¹€à¸£à¸‹à¸µà¸Ÿà¸µ;áƒ áƒ”áƒ¡áƒ˜áƒ¤áƒ˜;ãƒ¬ã‚·ãƒ•ã‚§;ææ–¯è…“;ç´¯è¥¿è…“;í—¤ì‹œí”¼	populated place	300008347;300008389	-34.88111	-8.05389	GeoNames	https://www.geonames.org/3390760
1835235	Daejeon	GeoNames	https://www.geonames.org/1835235	KR	https://www.geonames.org/1835235	Daejeon;Daejeon-si;Daejon;Daiden;QTW;Taejon;TaejÅn;Taiden;Tehdzhon;Tetyan;Thai-tyen;ThÄi-tyen;TÄ“tyan;da tian guang yu shi;daejeon;daejeongwang-yeogsi;daejeonsi;Ğ¢ÑĞ´Ğ¶Ğ¾Ğ½;å¤§ç”°å¹¿åŸŸå¸‚;å¤§ç”°åºƒåŸŸå¸‚;ëŒ€ì „;ëŒ€ì „ê´‘ì—­ì‹œ;ëŒ€ì „ì‹œ	populated place	300008347;300008389	127.38493	36.34913	GeoNames	https://www.geonames.org/1835235
4726206	San Antonio	GeoNames	https://www.geonames.org/4726206	US	https://www.geonames.org/4726206	SAT;San Antonijus;San Antonio;San Antonio (Texas);San Antonio de Bejar;San Antoniyo;San AntÃ²nio;San-Antonia;San-Antonio;Sanantonio;Sanctus Antonius;can antoniyo;saen-antonio;saina entoniyo;san antoniyo;san antwnyw;san'antonio;san-antÊ¼onio;sana antoni'o;sena amtoniyo;sheng an dong ni ao;Î£Î±Î½ Î‘Î½Ï„ÏŒÎ½Î¹Î¿;Ğ¡Ğ°Ğ½ ĞĞ½Ñ‚Ğ¾Ğ½Ğ¸Ğ¾;Ğ¡Ğ°Ğ½-ĞĞ½Ñ‚Ğ¾Ğ½Ğ¸Ğ¾;Ğ¡Ğ°Ğ½-ĞĞ½Ñ‚Ğ¾Ğ½Ñ–Ğ°;Ğ¡Ğ°Ğ½-ĞĞ½Ñ‚Ğ¾Ğ½Ñ–Ğ¾;ÕÕ¡Õ¶ Ô±Õ¶Õ¿Õ¸Õ¶Õ«Õ¸;×¡××Ÿ ×× ×˜×× ×™×;×¡×Ÿ ×× ×˜×•× ×™×•;Ø³Ø§Ù† Ø¢Ù†ØªÙˆÙ†ÛŒÙˆ;Ø³Ø§Ù† Ø£Ù†Ø·ÙˆÙ†ÙŠÙˆ;Ø³Ø§Ù† Ø§Ù†Ù¹ÙˆÙ†ÛŒÙˆ;à¤¸à¥…à¤¨ à¤…à¤à¤Ÿà¥‹à¤¨à¤¿à¤¯à¥‹;à¤¸à¥ˆà¤¨ à¤à¤¨à¥à¤Ÿà¥‹à¤¨à¤¿à¤¯à¥‹;à¦¸à§à¦¯à¦¾à¦¨ à¦…à§à¦¯à¦¾à¦¨à§à¦Ÿà§‹à¦¨à¦¿à¦“;à¨¸à¨¾à¨¨ à¨†à¨‚à¨¤à©‹à¨¨à©€à¨“;à®šà®¾à®©à¯ à®…à®¨à¯à®¤à¯‹à®©à®¿à®¯à¯‹;à°¶à°¾à°¨à± à°…à°‚à°Ÿà±‹à°¨à°¿à°¯à±‹;à´¸à´¾àµ» à´…à´¨àµà´±àµ‹à´£à´¿à´¯àµ‹;à¹à¸‹à¸™à¹à¸­à¸™à¹‚à¸—à¸™à¸µà¹‚à¸­;áƒ¡áƒáƒœ-áƒáƒœáƒ¢áƒáƒœáƒ˜áƒ;ã‚µãƒ³ã‚¢ãƒ³ãƒˆãƒ‹ã‚ª;åœ£å®‰ä¸œå°¼å¥¥;è–å®‰æ±å°¼å¥§;ìƒŒì•ˆí† ë‹ˆì˜¤	populated place	300008347;300008389	-98.49363	29.42412	GeoNames	https://www.geonames.org/4726206
2298890	Kumasi	GeoNames	https://www.geonames.org/2298890	GH	https://www.geonames.org/2298890	Coomassie;KMS;Kumase;Kumasi;Kumasi shaary;Kumasis;Kumassi;Kumasy;ku ma xi;kumashi;kumasi;kwmasy;ĞšÑƒĞ¼Ğ°ÑĞ¸;ĞšÑƒĞ¼Ğ°ÑĞ¸ ÑˆĞ°Ğ°Ñ€Ñ‹;ĞšÑƒĞ¼Ğ°ÑÑ–;Ô¿Õ¸Ö‚Õ´Õ¡Õ½Õ«;ÙƒÙˆÙ…Ø§Ø³ÙŠ;Ú©ÙˆÙ…Ø§Ø³ÛŒ;à¨•à©à¨®à¨¾à¨¸à©€;ã‚¯ãƒã‚·;åº“é©¬è¥¿;ì¿ ë§ˆì‹œ	populated place	300008347;300008389	-1.62443	6.68848	GeoNames	https://www.geonames.org/2298890
1736376	Kota Bharu	GeoNames	https://www.geonames.org/1736376	MY	https://www.geonames.org/1736376	Bharu;KBR;Khota Baharu;Khota Bahru;Ko-ta-hap-lu-su;Kota Baharu;Kota Bahru;Kota Baru;Kota Bharu;Kota-Baru;KÃ´-tÃ¡-haÌp-lÃ»-sá¹³;ge da ba lu;kotabalu;kotabaru;kwta bharw;ĞšĞ¾Ñ‚Ğ° Ğ‘Ğ°Ñ€Ñƒ;ĞšĞ¾Ñ‚Ğ°-Ğ‘Ğ°Ñ€Ñƒ;ÙƒÙˆØªØ§ Ø¨Ù‡Ø§Ø±Ùˆ;à¹‚à¸à¸•à¸²à¸šà¸²à¸£à¸¹;ã‚³ã‚¿ãƒãƒ«;å“¥æ‰“å·´é²;ì½”íƒ€ë°”ë£¨	populated place	300008347;300008389	102.24333	6.12361	GeoNames	https://www.geonames.org/1736376
1857910	Kyoto	GeoNames	https://www.geonames.org/1857910	JP	https://www.geonames.org/1857910	Kejuots;Kiaâ¿-toÍ˜-chhÄ«;Kijota;Kiotas;Kioto;KiotÃ³;Kjoto;KjÃ³to;Kyoto;Kyoto-shi;Kyotu;Kyotum;KyÅto;KyÅto-shi;KÄ—juots;Lungsod ng Kyoto;Quioto;UKY;gyoto si;jing dou;jing dou shi;kheiyw toa;ki'oto;kiyoto;kiyotto;kyeattea;kyoto;kyoutoshi;kywtw;qywtw;ÎšÎ¹ÏŒÏ„Î¿;ĞšĞ¸Ğ¾Ñ‚Ğ¾;ĞšÑ‘Ñ‚Ğ¾;ĞšÑ–Ğ¾Ñ‚Ğ¾;ĞšÑ–Ñ‘Ñ‚Ğ°;ĞšÑ˜Ğ¾Ñ‚Ğ¾;Ô¿Õ«Õ¸Õ¿Õ¸;×§×™××˜×;×§×™×•×˜×•;ÙƒÙŠÙˆØªÙˆ;Ú©ÛŒÙˆØªÙˆ;Ú©ÛŒÙˆÙ¹Ùˆ;Ü©ÜÜ˜Ü›Ü˜;à¤•à¥à¤¯à¥‹à¤Ÿà¥‹;à¤•à¥à¤¯à¥‹à¤¤à¥‹;à¦•à¦¿à¦¯à¦¼à§‹à¦Ÿà§‹;à¨•à¨¿à¨“à¨¤à©‹;à®•à®¿à®¯à¯‹à®¤à¯à®¤à¯‹;à´•àµà´¯àµ‹à´¤àµà´¤àµ‹;à¶šà·Šà¶ºà·à¶­à·;à¹€à¸„à¸µà¸¢à¸§à¹‚à¸•à¸°;à½à½ºà½¡à½¼à¼‹à½à¾²à½¼à¼;á€€á€»á€­á€¯á€á€­á€¯á€™á€¼á€­á€¯á€·;áƒ™áƒ˜áƒáƒ¢áƒ;ãã‚‡ã†ã¨ã—;äº¬éƒ½;äº¬éƒ½å¸‚;êµí†  ì‹œ	populated place	300008347;300008389	135.75385	35.02107	GeoNames	https://www.geonames.org/1857910
1735161	Kuala Lumpur	GeoNames	https://www.geonames.org/1735161	MY	https://www.geonames.org/1735161	Gizlungzpoh;KUL;Kouala Loumpou;Kouala Loumpour;Kuala Lumpor;Kuala Lumpur;Kuala-Lumpur;Kuala-Lumpuro;Kualae-Lumpur;Kualalumpura;KualalumpÅ«ra;Kvala Lumpuras;Kvala LumpÅ«ras;KÃºala LÃºmpÃºr;ji long po;kaulalampur;kawlalampexr;kolalampur;ku'a lalampura;ku'ala lupura;ku'alalampura;ku'alalumpura;kuallalumpuleu;kuararunpuru;kuyalalamapura;kvalalampura;kwala lambwr;kwala lmpwr;kwalalampwr;kwalalmbwr;kwalalmpwr;kwalalwmpwr;kÛ‡yalalÛ‡mpÛ‡r;ÎšÎ¿Ï…Î¬Î»Î± Î›Î¿Ï…Î¼Ï€Î¿ÏÏ;ĞšÑƒĞ°Ğ»Ã¦-Ğ›ÑƒĞ¼Ğ¿ÑƒÑ€;ĞšÑƒĞ°Ğ»Ğ° Ğ›ÑƒĞ¼Ğ¿ÑƒÑ€;ĞšÑƒĞ°Ğ»Ğ°-Ğ›ÑƒĞ¼Ğ¿ÑƒÑ€;Ô¿Õ¸Ö‚Õ¡Õ¬Õ¡ Ô¼Õ¸Ö‚Õ´ÕºÕ¸Ö‚Ö€;×§×•××œ×” ×œ×•××¤×•×¨;ÙƒÙˆØ§Ù„Ø§ Ù„Ø§Ù…Ø¨ÙˆØ±;ÙƒÙˆØ§Ù„Ø§Ù„Ù…Ø¨ÙˆØ±;ÙƒÛ‡Ø¦Ø§Ù„Ø§Ù„Û‡Ù…Ù¾Û‡Ø±;Ú©ÙˆØ§Ù„Ø§ Ù„Ù…Ù¾ÙˆØ±;Ú©ÙˆØ§Ù„Ø§Ù„Ø§Ù…Ù¾ÙˆØ±;Ú©ÙˆØ§Ù„Ø§Ù„Ù…Ù¾ÙˆØ±;Ú©ÙˆØ§Ù„Ø§Ù„ÙˆÙ…Ù¾ÙˆØ±;à¤•à¥à¤† à¤²à¤¾à¤²à¤®à¥à¤ªà¥à¤°;à¤•à¥à¤†à¤²à¤¾à¤²à¤®à¥à¤ªà¥à¤°;à¤•à¥à¤µà¤¾à¤²à¤¾à¤²à¤‚à¤ªà¥‚à¤°;à¦•à§à¦¯à¦¼à¦¾à¦²à¦¾à¦²à¦¾à¦®à¦ªà§à¦°;à¨•à©à¨†à¨²à¨¾ à¨²à©à©°à¨ªà©à¨°;à¬•à­à¬†à¬²à¬¾à¬²à­à¬®à­à¬ªà­à¬°;à®•à¯‹à®²à®¾à®²à®®à¯à®ªà¯‚à®°à¯;à²•à³Œà²²à²¾à²²à²‚à²ªà³à²°à³;à´•àµ‹à´²à´¾à´²à´®àµà´ªàµ‚àµ¼;à¸à¸±à¸§à¸¥à¸²à¸¥à¸±à¸¡à¹€à¸›à¸­à¸£à¹Œ;à½à½£à¼‹à½£à½´à½„à¼‹à½•à½´à¼;á€€á€½á€¬á€œá€¬á€œá€™á€ºá€•á€°á€™á€¼á€­á€¯á€·;áƒ™áƒ£áƒáƒšáƒ-áƒšáƒ£áƒ›áƒáƒ£áƒ áƒ˜;áŠ©á‹‹áˆ‹ áˆ‰áˆá‘áˆ­;ã‚¯ã‚¢ãƒ©ãƒ«ãƒ³ãƒ—ãƒ¼ãƒ«;å‰éš†å¡;ì¿ ì•Œë¼ë£¸í‘¸ë¥´	populated place	300008347;300008389	101.68653	3.1412	GeoNames	https://www.geonames.org/1735161
128747	Karaj	GeoNames	https://www.geonames.org/128747	IR	https://www.geonames.org/128747	Heredi;Karadj;Karadje;Karadsch;Karadz;Karadzs;KaradÅ¼;KaradÅ¾;Karag;Karaj;Karatz;KaraÄ;Karej;Kerec;Keredi;Keredzas;Keredzh;KeredÅ¾as;Kerezh;KÉ™rÉ™c;Leredi;PYK;QKC;Qasabeh-e Karaj;QaÅŸabeh-e Karaj;ka la ji;kairaija;kalaji;karaj;karaji;kha rac;krj;kyaraji;qasabihi karaj;ÎšÎ±ÏÎ¬Ï„Î¶;ĞšĞ°Ñ€Ğ°Ğ¹;ĞšĞ°Ñ€Ğ°ÑŸ;ĞšĞ°Ñ€Ğ°Ò·;ĞšĞµÑ€ĞµĞ´Ğ¶;ĞšĞµÑ€ĞµĞ¶;×›××¨××’;Ù‚ÙØµÙØ¨ÙÙ‡Ù ÙƒÙØ±ÙØ¬;ÙƒØ±Ø¬;Ú©Ø±Ø¬;Ú©Û•Ø±Û•Ø¬;à¤•à¥ˆà¤°à¥ˆà¤œ;à®•à®°à®¾à®œà¯;à¸„à¸²à¸£à¸²à¸ˆ;áƒ¥áƒáƒ áƒáƒ¯áƒ˜;ã‚­ãƒ£ãƒ©ã‚¸;å¡æ‹‰å­£;ì¹´ë¼ì§€	populated place	300008347;300008389	50.99155	35.83266	GeoNames	https://www.geonames.org/128747
1283240	Kathmandu	GeoNames	https://www.geonames.org/1283240	NP	https://www.geonames.org/1283240	Catmandu;Catmandum;KTM;Kantipur;Kantipura;Katemandu;Kathmandau;Kathmandou;Kathmandu;Katmando;Katmandoe;Katmandou;Katmandu;Katmanduo;KatmandÃ³;KatmandÃº;KatmandÃ»;KatmandÅ«;Katmantou;Khatmandu;KÃ¡thmandu;KÃ¡thmÃ¡ndÃº;jia de man dou;kateumandu;kath manthu;kathamadaum;kathamadaum mahanagarapalika;kathamadu;kathamandu;kathmandu;katmandw;katmandww;katmantu;katomanzu;qtmndw;yem jilla;ÎšÎ±Ï„Î¼Î±Î½Ï„Î¿Ï;ĞšĞ°Ñ‚Ğ¼Ğ°Ğ½Ğ´Ñƒ;Ô¿Õ¡Õ¿Õ´Õ¡Õ¶Õ¤Õ¸Ö‚;×§××˜××× ×“×•;×§×˜×× ×“×•;ÙƒØ§ØªÙ…Ø§Ù†Ø¯Ùˆ;ÙƒØ§ØªÙ…Ø§Ù†Ø¯Û‡;Ú©Ø§ØªÙ…Ø§Ù†Ø¯Ùˆ;Ú©Ø§ØªÙ…Ø§Ù†Ø¯ÙˆÙˆ;Ú©Ú¾Ù¹Ù…Ù†ÚˆÙˆ;à¤•à¤¾à¤ à¤®à¤¾à¤‚à¤¡à¥‚;à¤•à¤¾à¤ à¤®à¤¾à¤¡à¥Œà¤‚;à¤•à¤¾à¤ à¤®à¤¾à¤¡à¥Œà¤‚ à¤®à¤¹à¤¾à¤¨à¤—à¤°à¤ªà¤¾à¤²à¤¿à¤•à¤¾;à¤•à¤¾à¤ à¤®à¤¾à¤£à¥à¤¡à¥‚;à¤¯à¥‡à¤ à¤œà¤¿à¤²à¥à¤²à¤¾;à¦•à¦¾à¦ à¦®à¦¾à¦£à§à¦¡à§;à¦•à¦¾à¦ à¦®à¦¾à¦¨à§à¦¡à§;à¨•à¨ à¨®à©°à¨¡à©‚;àª•àª¾àª àª®àª‚àª¡à«;à¬•à¬¾à¬ à¬®à¬¾à¬£à­à¬¡à­;à®•à®¾à®Ÿà¯à®®à®¾à®£à¯à®Ÿà¯;à°•à°¾à° à±à°®à°‚à°¡à±;à²•à² à³à²®à²‚à²¡à³;à´•à´¾à´ àµà´®à´£àµà´¡àµ;à¶šà¶­à·Šà¶¸à¶±à·Šà¶©à·”;à¸à¸²à¸à¸¡à¸²à¸“à¸‘à¸¸;à½€à¼‹à½à¼‹à½˜à½“à¼‹à½à¼;à½€à¼‹à½à¼‹à½˜à½“à¼‹à½à½´à¼;áƒ™áƒáƒ¢áƒ›áƒáƒœáƒ“áƒ£;áŠ«á‰µáˆ›áŠ•á‹±;ã‚«ãƒˆãƒãƒ³ã‚º;åŠ å¾·æ»¿éƒ½;ì¹´íŠ¸ë§Œë‘	populated place	300008347;300008389	85.3206	27.70169	GeoNames	https://www.geonames.org/1283240
1633070	Palembang	GeoNames	https://www.geonames.org/1633070	ID	https://www.geonames.org/1633070	Kota Palembang;Kutha Palembang;PLM;Palembang;Palembangas;Palempan'nk;Palimbao;PalimbÃ£o;PalÃ¨mbang;balymbanj;ju gang;pa lem bang;palembanga;pallembang;palmbang;palymbang;parenban;Î Î±Î»ÎµÎ¼Ï€Î¬Î½Î³Îº;ĞŸĞ°Ğ»ĞµĞ¼Ğ±Ğ°Ğ½Ğ³;Ø¨Ø§Ù„ÙŠÙ…Ø¨Ø§Ù†Ø¬;Ù¾Ø§Ù„Ù…Ø¨Ø§Ù†Ú¯;Ù¾Ø§Ù„Ù…â€ŒØ¨Ø§Ù†Ú¯;Ù¾Ø§Ù„ÛŒÙ…Ø¨Ø§Ù†Ú¯;à¤ªà¤¾à¤²à¥‡à¤‚à¤¬à¤¾à¤‚à¤—;à¸›à¸²à¹€à¸¥à¹‡à¸¡à¸šà¸±à¸‡;ãƒ‘ãƒ¬ãƒ³ãƒãƒ³;å·¨æ¸¯;íŒ”ë ˜ë°©	populated place	300008347;300008389	104.7458	-2.91673	GeoNames	https://www.geonames.org/1633070
1169825	Multan	GeoNames	https://www.geonames.org/1169825	PK	https://www.geonames.org/1169825	MUX;Multan;Multanas;mu er tan;multan;murutan;ĞœÑƒĞ»Ñ‚Ğ°Ğ½;Ù…ÙÙ„ØªØ§Ù†;ãƒ ãƒ«ã‚¿ãƒ¼ãƒ³;æœ¨çˆ¾å¦	populated place	300008347;300008389	71.47824	30.19679	GeoNames	https://www.geonames.org/1169825
1254361	Tirunelveli	GeoNames	https://www.geonames.org/1254361	IN	https://www.geonames.org/1254361	Nellai;Tinnevelli;Tinnevelly;Tinnevelly Junction;Tirunelveli;Tirunelweli;di lu nei er wei li;tilunelbelli;tirunalaveli;tirunelabeli;tirunelaveli;tirunelveli;tiruneruvu~eri;trwnlwyly;tyrwnlfly;tyrwnlwly;tyrwnlwyly;tyrwnylwyly;Ğ¢Ğ¸Ñ€ÑƒĞ½ĞµĞ»Ğ²ĞµĞ»Ğ¸;ØªØ±ÙˆÙ†Ù„ÙˆÛŒÙ„ÛŒ;ØªÙŠØ±ÙˆÙ†Ù„ÙÙ„ÙŠ;ØªÙŠØ±ÙˆÙ†ÙŠÙ„ÙˆÙŠÙ„ÙŠ;ØªÛŒØ±ÙˆÙ†Ù„ÙˆÙ„ÛŒ;ØªÛŒØ±ÙˆÙ†Ù„ÙˆÛŒÙ„ÛŒ;à¤¤à¤¿à¤°à¥à¤¨à¤²à¤µà¥‡à¤²à¥€;à¤¤à¤¿à¤°à¥à¤¨à¥†à¤²à¥à¤µà¥‡à¤²à¤¿;à¤¤à¤¿à¤°à¥à¤¨à¥‡à¤²à¥à¤µà¥‡à¤²à¥€;à¤¤à¤¿à¤°à¥‚à¤¨à¥‡à¤²à¤µà¥‡à¤²à¥€;à¦¤à¦¿à¦°à§à¦¨à§‡à¦²à¦¬à§‡à¦²à¦¿;àª¤àª¿àª°à«àª¨à«‡àª²àªµà«‡àª²à«€;à®¤à®¿à®°à¯à®¨à¯†à®²à¯à®µà¯‡à®²à®¿;à°¤à°¿à°°à±à°¨à±†à°²à±à°µà±‡à°²à°¿;à²¤à²¿à²°à³à²¨à³†à²²à³à²µà³†à²²à²¿;à´¤à´¿à´°àµà´¨àµ†àµ½â€Œà´µàµ‡à´²à´¿;ãƒ†ã‚£ãƒ«ãƒãƒ«ãƒ´ã‚§ãƒ¼ãƒª;è’‚é­¯å…§çˆ¾ç¶­åˆ©;í‹°ë£¨ë„¬ë²¨ë¦¬	populated place	300008347;300008389	77.6838	8.72742	GeoNames	https://www.geonames.org/1254361
3521081	Puebla	GeoNames	https://www.geonames.org/3521081	MX	https://www.geonames.org/3521081	Angelopolis;Byen Puebla;Cuetlaxcoapan;Ehroika-Puehbla-deh-Saragosa;Heroica Puebla de Zaragoza;HerÃ³ica Puebla de Zaragoza;Lungsod ng Puebla;PBC;Pouempla;Puebl;Puebla;Puebla City;Puebla de Saragosa;Puebla de Zaragoza;Puebla de los Angeles;Puebla de los Ãngeles;Puehbla-de-Saragosa;Puehblae-de-Saragosae;Yucha Nchu'u;bwybla;pu ai bu la;pu'aibala;pu'ebla;puebeulla;puebura;pwybla  pwybla;pwybla. pwybla;Î Î¿Ï…Î­Î¼Ï€Î»Î±;ĞŸÑƒĞµĞ±Ğ»Ğ°;ĞŸÑƒÑĞ±Ğ»Ã¦-Ğ´Ğµ-Ğ¡Ğ°Ñ€Ğ°Ğ³Ğ¾ÑÃ¦;ĞŸÑƒÑĞ±Ğ»Ğ°-Ğ´Ğµ-Ğ¡Ğ°Ñ€Ğ°Ğ³Ğ¾ÑĞ°;Ğ­Ñ€Ğ¾Ñ–ĞºĞ°-ĞŸÑƒÑĞ±Ğ»Ğ°-Ğ´Ñ-Ğ¡Ğ°Ñ€Ğ°Ğ³Ğ¾ÑĞ°;×¤×•××‘×œ×”;Ø¨ÙˆÙŠØ¨Ù„Ø§;Ù¾ÙˆØ¦Ø¨Ù„Ø§ØŒ Ù¾ÙˆØ¦Ø¨Ù„Ø§;Ù¾ÙˆØ¦Ø¨Ù„Ø§Ù¬ Ù¾ÙˆØ¦Ø¨Ù„Ø§;à¤ªà¥à¤à¤¬à¥à¤²à¤¾;à¨ªà©à¨à¨¬à¨²à¨¾;áƒáƒ£áƒ”áƒ‘áƒšáƒ;ãƒ—ã‚¨ãƒ–ãƒ©;æ™®åŸƒå¸ƒæ‹‰;í‘¸ì—ë¸”ë¼	populated place	300008347;300008389	-98.20346	19.03793	GeoNames	https://www.geonames.org/3521081
1581130	Hanoi	GeoNames	https://www.geonames.org/1581130	VN	https://www.geonames.org/1581130	Anoi;Anoy;AnÃ²y;HAN;Ha Noi;Ha Nui;Hanoi;Hanoj;Hanoja;Hanojo;Hanojus;Hanoy;HanoÃ­;HanoÃ¯;HanÃ²i;HanÃ³i;Ho-nui-su;HÃ  Ná»™i;HÃ²-nui-sá¹³;Keicho;Khanoj;hano'i;hanoi;hanoy;hanwy;hanxy;he nei;he nei shi;hyanaya;khanwy;Î‘Î½ÏŒÎ¹;Ğ¥Ğ°Ğ½Ğ¾Ğ¹;Ğ¥Ğ°Ğ½Ğ¾Ñ˜;Õ€Õ¡Õ¶Õ¸Õµ;×”×× ×•×™;Ø®Ø§Ù†ÙˆÙŠ;Ù‡Ø§Ù†ÙˆÙ‰;Ù‡Ø§Ù†ÙˆÙŠ;Ù‡Ø§Ù†ÙˆÛŒ;Ú¾Ø§Ù†Û†ÛŒ;ÛÙ†ÙˆØ¦ÛŒ;à¤¹à¤¨à¥‹à¤ˆ;à¦¹à§à¦¯à¦¾à¦¨à¦¯à¦¼;à¨¹à¨¨à©‹à¨ˆ;à¬¹à¬¾à¬¨à­‹à¬‡;à®¹à®©à¯‹à®¯à¯;à²¹à²¾à²¨à³Šà²¯à³;à·„à·à¶±à·à¶ºà·’;à¸®à¸²à¸™à¸­à¸¢;à½§à½ºà¼‹à½“à½¼à¼;á€Ÿá€”á€½á€­á€¯á€„á€ºá€¸á€™á€¼á€­á€¯á€·;áƒ°áƒáƒœáƒáƒ˜;áˆ€áŠ–á‹­;á‘á¸á€áŸ’ášá»á„á á¶á“á¼á™;á¸¤anoi;ãƒãƒã‚¤;æ²³å…§;æ²³å…§å¸‚;í•˜ë…¸ì´	populated place	300008347;300008389	105.84117	21.0245	GeoNames	https://www.geonames.org/1581130
706483	Kharkiv	GeoNames	https://www.geonames.org/706483	UA	https://www.geonames.org/706483	Carcovia;CarcÃ³via;Charcovia;Charkiv;Charkiw;Charkov;Charkovas;Charkow;CharkÃ³w;HRK;Harkiv;Harkiva;Harkivo;Harkov;Harkova;Jarkov;Khar'kov;Kharkiv;Kharkov;Kharâ€™kov;ha er ke fu;haleukiu;harikofu;hrqwb;kaleukipeu;kalipeu;kharkwf;Ä¤arkivo;Ä¤arkov;Ğ¥Ğ°Ñ€ĞºĞ¾Ğ²;Ğ¥Ğ°Ñ€ĞºÑ–Ğ²;Ğ¥Ğ°Ñ€ÑŒĞºĞ¾Ğ²;×—×¨×§×•×‘;Ø®Ø§Ø±ÙƒÙˆÙ;áƒ®áƒáƒ áƒ™áƒáƒ•áƒ˜;ãƒãƒªã‚³ãƒ•;å“ˆçˆ¾ç§‘å¤«;ì¹´ë¥´í‚¤í”„;ì¹´ë¦¬í”„;í•˜ë¥´í‚¤ìš°	populated place	300008347;300008389	36.25272	49.98081	GeoNames	https://www.geonames.org/706483
1279259	Agra	GeoNames	https://www.geonames.org/1279259	IN	https://www.geonames.org/1279259	AGR;Agra;Agra - agara;Agra - à¤†à¤—à¤°à¤¾;Lungsod ng Agra;a ge la;agara;ageula;agra;agura;akra;Ä€gra;Ä€grÄ;ĞĞ³Ñ€Ğ°;ĞÒ‘Ñ€Ğ°;××’×¨×”;Ø¢Ú¯Ø±Û;à¤†à¤—à¤°à¤¾;à¦†à¦—à§à¦°à¦¾;à®†à®•à¯à®°à®¾;à²†à²—à³à²°à²¾;ã‚¢ãƒ¼ã‚°ãƒ©;ã‚¢ãƒ¼ã‚°ãƒ©ãƒ¼;é˜¿æ ¼æ‹‰;ì•„ê·¸ë¼	populated place	300008347;300008389	78.01667	27.18333	GeoNames	https://www.geonames.org/1279259
3860259	CÃ³rdoba	GeoNames	https://www.geonames.org/3860259	AR	https://www.geonames.org/3860259	COR;Ciudad de Cordoba;Ciudad de CÃ³rdoba;Cordoba;Cordoba i Argentina;Cordova;Corduba;CÃ²rdoba;CÃ³rdoba;CÃ³rdoba i Argentina;CÃ³rdova;Kordava;Kordoba;Kordobo;Kordov;Kordova;Kordova khot;Kordovae;Kuorduoba;Vila de Cordoba;Vila de CÃ³rdoba;kardwba;ke er duo wa;koleudoba;kordoba;korudoba;kwrdwba;kwrdwba  arzhantyn;kxr do ba;qwrdwbh;ÎšÏŒÏÎ´Î¿Î²Î±;ĞšĞ¾Ñ€Ğ´Ğ°Ğ²Ğ°;ĞšĞ¾Ñ€Ğ´Ğ¾Ğ±Ğ°;ĞšĞ¾Ñ€Ğ´Ğ¾Ğ²Ã¦;ĞšĞ¾Ñ€Ğ´Ğ¾Ğ²Ğ°;ĞšĞ¾Ñ€Ğ´Ğ¾Ğ²Ğ° Ñ…Ğ¾Ñ‚;Ô¿Õ¸Ö€Õ¤Õ¸Õ¾Õ¡;×§××¨×“××‘×¢;×§×•×¨×“×•×‘×”;Ù‚Ø±Ø·Ø¨ÛØŒ Ø§Ø±Ø¬Ù†Ù¹Ø§Ø¦Ù†;ÙƒÙˆØ±Ø¯ÙˆØ¨Ø§;Ú©Ø§Ø±Ø¯ÙˆØ¨Ø§;Ú©ÙˆØ±Ø¯ÙˆØ¨Ø§ØŒ Ø¢Ø±Ú˜Ø§Ù†ØªÛŒÙ†;à¤•à¥‹à¤°à¥à¤¦à¥‹à¤¬à¤¾;à¸à¸­à¸£à¹Œà¹‚à¸”à¸šà¸²;áƒ™áƒáƒ áƒ“áƒáƒ•áƒ;ã‚³ãƒ«ãƒ‰ãƒ;ç§‘å°”å¤šç“¦;ì½”ë¥´ë„ë°”	populated place	300008347;300008389	-64.18105	-31.4135	GeoNames	https://www.geonames.org/3860259
113646	Tabriz	GeoNames	https://www.geonames.org/113646	IR	https://www.geonames.org/113646	TBZ;Tabrez;Tabris;Tabriz;Tabrizo;TabrÃ­z;TabrÄ«z;Taebris;Taebriz;Tampriz;Tauris;Tebriz;Tebriza;Tebrizas;TebrÄ«za;Tehbryz;Tewrez;TewrÃªz;Toewriz;TÃ¤bris;TÃ¤briz;TÃ¶wriz;TÉ™briz;da bu li shi;ta bris;tabareza;tabariza;tabeulijeu;tabris;taburizu;tavrizi;tbryz;Î¤Î±Î¼Ï€ÏÎ¯Î¶;Ğ¢Ğ°Ğ±Ñ€ĞµĞ·;Ğ¢Ğ°Ğ±Ñ€Ğ¸Ğ·;Ğ¢ĞµĞ±Ñ€Ğ¸Ğ·;Ğ¢ÑĞ±Ñ€Ñ‹Ğ·;Ğ¢Ó™Ğ±Ñ€Ğ¸Ğ·;Ô¹Õ¡Õ¾Ö€Õ«Õ¦;×˜××‘×¨×™×–;×ª×‘×¨×™×–;ØªØ¨Ø±ÙŠØ²;ØªØ¨Ø±ÛŒØ²;ØªÛ•ÙˆØ±ÛØ²;à¤¤à¤¬à¤°à¥‡à¤œà¤¼;à¨¤à¨¬à¨°à©€à¨œà¨¼;à´Ÿà´¾à´¬àµà´°à´¿à´¸àµ;à¸•à¸²à¸šà¸£à¸´à¸‹;à½Šà¼‹à½–à½²à¼‹à½¢à½²à¼‹à½›à¼;áƒ—áƒáƒ•áƒ áƒ˜áƒ–áƒ˜;ã‚¿ãƒ–ãƒªãƒ¼ã‚º;å¤§ä¸é‡Œå£«;íƒ€ë¸Œë¦¬ì¦ˆ	populated place	300008347;300008389	46.2919	38.08	GeoNames	https://www.geonames.org/113646
1496747	Novosibirsk	GeoNames	https://www.geonames.org/1496747	RU	https://www.geonames.org/1496747	Cen Ceper;Nobosimpirsk;Novasibirsk;Novo-Nikolaevsk;Novo-Nikolaievsk;Novo-NikolaÃ¯evsk;Novonikolaevsk;Novonikolayevsk;Novosibir;Novosibir'sku;Novosibirs'k;Novosibirscum;Novosibirsk;Novosibirska;Novosibirskaj;Novosibirskas;Novosibirsko;Novosimpirsk;Novossibirsk;Novoszibirszk;Nowosibirsk;Nowosibirski;Nowosybirsk;OVB;Odsibiren' osh;Vil' Sibirkar;no wo sibiskh;nobosibileuseukeu;novosibirsk;novosibirska;novu~oshibirusuku;nwbwsybyrsq;nwfwsybyrsk;nwwsybrsk;nwwsybyrsk;xin xi bo li ya;Ã‡Ä•Ğ½ Ã‡Ä•Ğ¿Ä•Ñ€;ÎÎ¿Î²Î¿ÏƒÎ¹Î¼Ï€Î¯ÏÏƒÎº;ÎÎ¿Î²Î¿ÏƒÎ¹Î¼Ï€Î¹ÏÏƒÎº;Ğ’Ğ¸Ğ»ÑŒ Ğ¡Ğ¸Ğ±Ğ¸Ñ€ĞºĞ°Ñ€;ĞĞ¾Ğ²Ğ°ÑÑ–Ğ±Ñ–Ñ€ÑĞº;ĞĞ¾Ğ²Ğ¾Ğ½Ğ¸ĞºĞ¾Ğ»Ğ°ĞµĞ²ÑĞº;ĞĞ¾Ğ²Ğ¾ÑĞ¸Ğ±Ğ¸Ñ€ÑĞº;ĞĞ¾Ğ²Ğ¾ÑĞ¸Ğ±Ğ¸Ñ€ÑĞºĞ°Ğ¹;ĞĞ¾Ğ²Ğ¾ÑĞ¸Ğ±Ğ¸Ñ€ÑŒÑĞºÑŠ;ĞĞ¾Ğ²Ğ¾ÑĞ¸Ğ±Ñ–Ñ€ÑÑŒĞº;ĞĞ¾Ğ²Ğ¾ÑÑ–Ğ±Ñ–Ñ€;ĞĞ´ÑĞ¸Ğ±Ğ¸Ñ€ĞµĞ½ÑŒ Ğ¾Ñˆ;Õ†Õ¸Õ¾Õ¸Õ½Õ«Õ¢Õ«Ö€Õ½Õ¯;× ×•×‘×•×¡×™×‘×™×¨×¡×§;Ù†ÙˆÙÙˆØ³ÙŠØ¨ÙŠØ±Ø³Ùƒ;Ù†ÙˆÙˆØ³ÛŒØ¨Ø±Ø³Ú©;Ù†ÙˆÙˆØ³ÛŒØ¨ÛŒØ±Ø³Ú©;à¤¨à¥‹à¤µà¥‹à¤¸à¤¿à¤¬à¤¿à¤°à¥à¤¸à¥à¤•;à¹‚à¸™à¹‚à¸§à¸‹à¸µà¸šà¸µà¸ªà¸„à¹Œ;áƒœáƒáƒ•áƒáƒ¡áƒ˜áƒ‘áƒ˜áƒ áƒ¡áƒ™áƒ˜;ãƒãƒ´ã‚©ã‚·ãƒ“ãƒ«ã‚¹ã‚¯;æ–°è¥¿ä¼¯åˆ©äºš;æ–°è¥¿ä¼¯åˆ©äº;ë…¸ë³´ì‹œë¹„ë¥´ìŠ¤í¬	populated place	300008347;300008389	82.9346	55.0415	GeoNames	https://www.geonames.org/1496747
1841811	Gwangju	GeoNames	https://www.geonames.org/1841811	KR	https://www.geonames.org/1841811	Gouanjou;Gwangju;Gwangju Kong-hek-chhi;Gwangju KÃ³ng-heÌk-chhÄ«;Gwangju-si;KWJ;Koshu;Kosyu;Kuandzhu;Kuangju;Kuangjuo;Kvandzhu;Kvandzu;KvandÅ¾u;Kvangdzsu;Kvangdzu;Kvanju;Kvanzhe;KvaÒ£dzhu;Kwang-choo;Kwang-dschu;Kwangdzu;KwangdÅ¾u;Kwangju;KÅshÅ«;KÅsyÅ«;KÅ­angÄµuo;Quansua;ghwanghjw;guang zhou;guang zhou guang yu shi;guang zhou shi;gvangaju;gwang jw;gwangju;gwangjugwang-yeogsi;gwangjusi;gwangjw;kh wang cu;ĞšĞ²Ğ°Ğ½Ğ³ÑŸÑƒ;ĞšĞ²Ğ°Ğ½Ğ´Ğ¶Ñƒ;ĞšĞ²Ğ°Ğ½Ğ¶Ğµ;ĞšĞ²Ğ°Ò£Ğ´Ğ¶Ñƒ;ĞšÑƒĞ°Ğ½Ğ´Ğ¶Ñƒ;ĞšÑƒĞ°Ğ½Ğ¶Ò¯;×§×•×•×× ×’×’×•;ØºÙˆØ§Ù†ØºØ¬Ùˆ;Ú¯ÙˆØ§Ù†Ú¯ Ø¬Ùˆ;Ú¯ÙˆØ§Ù†Ú¯Ø¬Ùˆ;à¤—à¥à¤µà¤¾à¤‚à¤—à¤œà¥‚;à¸„à¸§à¸±à¸‡à¸ˆà¸¹;å…‰å·;å…‰å·å¸‚;å…‰å·å¹¿åŸŸå¸‚;å…‰å·åºƒåŸŸå¸‚;å…‰å·å»£åŸŸå¸‚;ê´‘ì£¼;ê´‘ì£¼ê´‘ì—­ì‹œ;ê´‘ì£¼ì‹œ	populated place	300008347;300008389	126.91556	35.15472	GeoNames	https://www.geonames.org/1841811
750269	Bursa	GeoNames	https://www.geonames.org/750269	TR	https://www.geonames.org/750269	Boursa;Brossa;Broussa;Brousse;Brusa;Brussa;Burs;Bursa;Bursae;Burso;Prousa;YEI;bu er sa;buleusa;bur sa;bursa;burusa;bwrsa;bwrsh;bwrst;Î ÏÎ¿ÏÏƒÎ±;Ğ‘ÑƒÑ€ÑÃ¦;Ğ‘ÑƒÑ€ÑĞ°;Ğ‘ÑƒÑ€ÑĞ¾;×‘×•×¨×¡×”;Ø¨Ø±ØµÛ;Ø¨ÙˆØ±Ø³Ø§;Ø¨ÙˆØ±ØµØ©;Ø¨ÙˆØ±ØµÙ‡;Ø¨ÙˆØ±ØµÛ;Ø¨Û‡Ø±Ø³Ø§;à¤¬à¥à¤°à¥à¤¸à¤¾;à¸šà¸¹à¸£à¹Œà¸‹à¸²;áƒ‘áƒ£áƒ áƒ¡áƒ;ãƒ–ãƒ«ã‚µ;å¸ƒå°”è¨;ë¶€ë¥´ì‚¬	populated place	300008347;300008389	29.06013	40.19559	GeoNames	https://www.geonames.org/750269
1253573	Vadodara	GeoNames	https://www.geonames.org/1253573	IN	https://www.geonames.org/1253573	BDQ;Baroda;Vadodara;Vapadedara;ba luo da;badodala;barodara;fadwdara;radodara;vadeadara;vadodara;vatotara;vu~adodara;wadwdara;wdwdrh;Ğ’aĞ´Ğ¾Ğ´aÑ€a;Ğ’Ğ°Ğ´Ğ¾Ğ´Ğ°Ñ€Ğ°;ÕÕ¡Õ¤Õ¸Õ¤Õ¡Ö€Õ¡;ÙØ§Ø¯ÙˆØ¯Ø§Ø±Ø§;ÙˆØ§Ø¯ÙˆØ¯Ø§Ø±Ø§;ÙˆØ§ÚˆÙˆÚˆØ§Ø±Ø§;ÙˆØ¯ÙˆØ¯Ø±Ù‡;ÙˆÚˆÙˆØ¯Ø±Ø§;à¤¬à¤¡à¤¼à¥‹à¤¦à¤°à¤¾;à¤µà¤¡à¥‹à¤¦à¤°à¤¾;à¤µà¤¦à¥‹à¤¦à¤°à¤¾;à¦¬à¦¡à¦¼à§‹à¦¦à¦°à¦¾;à§±à¦¡à§‹à¦¦à¦°à¦¾;à¨µà¨¡à©‹à¨¦à¨°à¨¾;àªµàª¡à«‹àª¦àª°àª¾;à¬¬à¬¡à¬¼à­‹à¬¦à¬°à¬¾;à®µà®Ÿà¯‹à®¤à®°à®¾;à°µà°¡à±‹à°¦à°°;à²µà²¡à³‹à²¦à²°à²¾;à´µà´¡àµ‹à´¦à´°;áƒ•áƒáƒ“áƒáƒ“áƒáƒ áƒ;ãƒ´ã‚¡ãƒ‰ãƒ€ãƒ©;ãƒ´ã‚¡ãƒ‰ãƒ¼ãƒ€ãƒ©ãƒ¼;å·´ç½—è¾¾;ë°”ë„ë‹¤ë¼	populated place	300008347;300008389	73.20812	22.29941	GeoNames	https://www.geonames.org/1253573
3405870	BelÃ©m	GeoNames	https://www.geonames.org/3405870	BR	https://www.geonames.org/3405870	BEL;Belem;Belem do Para;Belem do ParÃ¡;Belen;Belena;Belenas;BelÃ©m;BelÃ©m do ParÃ¡;Bethlehem;Para;ParÃ¡;Santa Maria de Belem do Grao Para;Santa Maria de BelÃ©m do GrÃ£o ParÃ¡;Vele;Veláº½;bei lun;belem;belema;beleng;beleni;belleng;beren;blm;bylym;ÎœÏ€ÎµÎ»Î­Î¼;Ğ‘ĞµĞ»ĞµĞ¼;Ğ‘ĞµĞ»ĞµĞ½;×‘×œ×;Ø¨Ù„Ù…;Ø¨ÙŠÙ„ÙŠÙ…;Ø¨ÛŒÙ„ÛŒÙ…;à¤¬à¥‡à¤²à¥‡à¤®;à¦¬à§‡à¦²à§‡à¦;à¦¬à§‡à¦²à§‡à¦®;à¹€à¸šà¹€à¸¥à¸‡;áƒ‘áƒ”áƒšáƒ”áƒœáƒ˜;ãƒ™ãƒ¬ãƒ³;è´ä¼¦;ë²¨ë 	populated place	300008347;300008389	-48.50444	-1.45583	GeoNames	https://www.geonames.org/3405870
2037355	Fushun	GeoNames	https://www.geonames.org/2037355	CN	https://www.geonames.org/2037355	Bu-sun-chhi;BÃº-sÅ«n-chhÄ«;Chiu-fu-shun;FUS;Fu-shan;Fu-shun-hsien;Fu-shun-shih;Fu-sun;Fu-Å¡un;Fushun;Fushun';Fushuncheng;Fusjun;Fusun;Fusunas;Fusuno;FuÅuno;FuÅ¡unas;Phu Thuan;Phá»§ Thuáº­n;U-song;fu shun;fu shun shi;fusuna;fwshwn;pusun si;pwswn;Åª-sÃ´ng;Ğ¤ÑƒÑˆÑƒĞ½;Ğ¤ÑƒÑˆÑƒĞ½ÑŒ;×¤×•×©×•×Ÿ;ÙÙˆØ´ÙˆÙ†;à¨«à¨¼à©à¨¸à¨¼à©à¨¨;æŠšé¡ºå¸‚;æ’«é †;æ’«é †å¸‚;í‘¸ìˆœ ì‹œ	populated place	300008347;300008389	123.94363	41.88669	GeoNames	https://www.geonames.org/2037355
3652462	Quito	GeoNames	https://www.geonames.org/3652462	EC	https://www.geonames.org/3652462	Kita;Kitas;Kito;Kitu;Kuito;Quito;Quitu;Quitum;San Francisco de Quito;UIO;ji duo;ki to;kito;kitto;kvirrea;kvito;kwytw;kytw;qytw;ÎšÎ¯Ï„Î¿;ĞšĞ¸Ñ‚Ğ¾;ĞšÑ–Ñ‚Ğ°;ĞšÑ–Ñ‚Ğ¾;Ô¿Õ«Õ¿Õ¸;×§×™×˜×;×§×™×˜×•;ÙƒÙ‰ØªÙˆ;ÙƒÙŠØªÙˆ;Ú©ÙˆØ¦ØªÙˆ;Ú©ÛŒØªÙˆ;Ú©ÛŒÙ¹Ùˆ;à¤•à¥à¤µà¤¿à¤¤à¥‹;à¤•à¥à¤µà¥€à¤Ÿà¥‹;à¨•à©€à¨¤à©‹;à®•à®¿à®¤à¯à®¤à¯‹;à´•àµà´µà´¿à´±àµà´±àµ‹;à¸à¸µà¹‚à¸•;à½à½ºà¼‹à½à½¼à¼;áƒ™áƒ˜áƒ¢áƒ;áŠªá‰¶;ã‚­ãƒˆ;åŸºå¤š;í‚¤í† 	populated place	300008347;300008389	-78.52495	-0.22985	GeoNames	https://www.geonames.org/3652462
5391811	San Diego	GeoNames	https://www.geonames.org/5391811	US	https://www.geonames.org/5391811	Davis' Folly;Didacopolis;Graytown;Lungsod ng San Diego;New San Diego;SAN;San Diegas;San Diego;San Diegu;San Dijego;San Diyego;San DiyÃ©go;San Miguel;San Ntienko;San-Diego;San-Dieqo;San-Dyega;Sandjego;can tiyeko;saendiego;saendieigo;saina di'ego;san diyago;san dyyghw;san-diego;sana di'ego;sana diyago;sandiego;sena diyego;sheng de ya ge;sn dygw;sn dyygw;syana di'ego;Î£Î±Î½ ÎÏ„Î¹Î­Î³ÎºÎ¿;Ğ¡Ğ°Ğ½ Ğ”Ğ¸ĞµĞ³Ğ¾;Ğ¡Ğ°Ğ½ Ğ”Ğ¸Ñ˜ĞµĞ³Ğ¾;Ğ¡Ğ°Ğ½-Ğ”Ğ¸ĞµĞ³Ğ¾;Ğ¡Ğ°Ğ½-Ğ”Ñ‹ĞµĞ³Ğ°;Ğ¡Ğ°Ğ½-Ğ”Ñ–Ñ”Ğ³Ğ¾;ÕÕ¡Õ¶ Ô´Õ«Õ¥Õ£Õ¸;×¡××Ÿ ×“×™×¢×’×;×¡×Ÿ ×“×™×™×’×•;Ø³Ø§Ù† Ø¯ÙŠÙŠØºÙˆ;Ø³Ø§Ù† ÚˆÛŒØ§Ú¯Ùˆ;Ø³Ø§Ù† ÚˆÛŒÚ¯Ùˆ;Ø³Ù† Ø¯ÛŒÚ¯Ùˆ;à¤¸à¥…à¤¨ à¤¡à¤¿à¤¯à¥‡à¤—à¥‹;à¤¸à¥ˆà¤¨ à¤¡à¤¿à¤à¤—à¥‹;à¤¸à¥à¤¯à¤¾à¤¨ à¤¡à¤¿à¤à¤—à¥‹;à¦¸à¦¾à¦¨ à¦¡à¦¿à¦¯à¦¼à¦¾à¦—à§‹;à¨¸à¨¾à¨¨ à¨¦à©€à¨à¨—à©‹;à®šà®¾à®©à¯ à®Ÿà®¿à®¯à¯‡à®•à¯‹;à°¶à°¾à°¨à± à°¡à°¿à°¯à°¾à°—à±‹;à¹à¸‹à¸™à¸”à¸µà¹€à¸­à¹‚à¸;áƒ¡áƒáƒœ-áƒ“áƒ˜áƒ”áƒ’áƒ;áˆ³áŠ•á‹²á‹¨áŒ;ã‚µãƒ³ãƒ‡ã‚£ã‚¨ã‚´;è–åœ°ç‰™å“¥;ìƒŒë””ì—ê³ ;ìƒŒë””ì—ì´ê³ 	populated place	300008347;300008389	-117.16472	32.71571	GeoNames	https://www.geonames.org/5391811
1863967	Fukuoka	GeoNames	https://www.geonames.org/1863967	JP	https://www.geonames.org/1863967	FUK;Fucuoca;Fukuoka;Fukuoka-shi;Fukuokashi;Hukuoka;fu gang;fu gang shi;fukuoka;fukuokashi;fwkwka;hukuoka si;Ğ¤ÑƒĞºÑƒĞ¾ĞºĞ°;ÙÙˆÙƒÙˆÙƒØ§;ãµããŠã‹;ãµããŠã‹ã—;ãƒ•ã‚¯ã‚ªã‚«;ãƒ•ã‚¯ã‚ªã‚«ã‚·;ç¦å²¡;ç¦å²¡å¸‚;í›„ì¿ ì˜¤ì¹´ ì‹œ	populated place	300008347;300008389	130.41667	33.6	GeoNames	https://www.geonames.org/1863967
1070940	Antananarivo	GeoNames	https://www.geonames.org/1070940	MG	https://www.geonames.org/1070940	Antananarifo;Antananarivo;Antananarivu;Antananariwo;Antananaryvas;Antananaryvu;Antananarywa;AntananarÃ­vÃ³;TNR;Tana;Tananaribe;Tananarive;an ta na na li fu;anrananarivea;antananalibo;antananaribo;antananarivho;antananarivo;antananaryfw;antananaryww;antÊ¼ananarivu;atananarivo;ta na na li fu;xan ta nana ri wo;Î‘Î½Ï„Î±Î½Î±Î½Î±ÏÎ¯Î²Î¿;Î¤Î±Î½Î±Î½Î±ÏÎ¯Î²Î·;ĞĞ½Ñ‚Ğ°Ğ½Ğ°Ğ½Ğ°Ñ€Ğ¸Ğ²Ğ¾;ĞĞ½Ñ‚Ğ°Ğ½Ğ°Ğ½Ğ°Ñ€Ğ¸Ğ²Ñƒ;ĞĞ½Ñ‚Ğ°Ğ½Ğ°Ğ½Ğ°Ñ€Ñ‹Ğ²Ñƒ;ĞĞ½Ñ‚Ğ°Ğ½Ğ°Ğ½Ğ°Ñ€Ñ–Ğ²Ñƒ;Ğ¢Ğ°Ğ½Ğ°Ğ½Ğ°Ñ€Ğ¸Ğ²Ğµ;Ô±Õ¶Õ¿Õ¡Õ¶Õ¡Õ¶Õ¡Ö€Õ«Õ¾Õ¸Ö‚;×× ×˜×× ×× ××¨×™×•×•×;×× ×˜× × ×¨×™×‘×•;Ø¢Ù†ØªØ§Ù†Ø§Ù†Ø§Ø±ÛŒÙˆÙˆ;Ø£Ù†ØªØ§Ù†Ø§Ù†Ø§Ø±ÙŠÙÙˆ;Ø¦Ø§Ù†ØªØ§Ù†Ø§Ù†Ø§Ø±ÛŒÚ¤Û†;Ø§Ù†Ù¹Ø§Ù†Ø§Ù†Ø§Ø±ÛŒÙˆÙˆ;Ø§ÛŒÙ†Ù¹Ø§Ù†Ø§Ù†ÛŒØ±ÛŒÙˆ;à¤…à¤‚à¤¤à¤¾à¤¨à¤¾à¤¨à¤¾à¤°à¤¿à¤µà¥à¤¹à¥‹;à¤…à¤¨à¥à¤Ÿà¤¾à¤¨à¤¨à¤°à¥€à¤µà¥‹;à¨…à©°à¨¤à¨¾à¨¨à¨¾à¨¨à¨¾à¨°à©€à¨µà©‹;à®…à®£à¯à®Ÿà®©à®¾à®©à®°à¯€à®µà¯‹;à´†à´¨àµà´±à´¨à´¨à´±àµ€à´µàµŠ;à¸­à¸±à¸™à¸•à¸²à¸™à¸²à¸™à¸²à¸£à¸´à¹‚à¸§;à½¨à½ºà½“à¼‹à½Šà¼‹à½“à¼‹à½“à¼‹à½¢à½²à¼‹à½–à½¼à¼;áƒáƒœáƒ¢áƒáƒœáƒáƒœáƒáƒ áƒ˜áƒ•áƒ£;áŠ áŠ•á‰³áŠ“áŠ“áˆªá‰®;ã‚¢ãƒ³ã‚¿ãƒŠãƒŠãƒªãƒœ;å¡”é‚£é‚£åˆ©ä½›;å®‰å¡”é‚£é‚£åˆ©ä½›;ì•ˆíƒ€ë‚˜ë‚˜ë¦¬ë³´	populated place	300008347;300008389	47.53613	-18.91368	GeoNames	https://www.geonames.org/1070940
1801792	Luoyang	GeoNames	https://www.geonames.org/1801792	CN	https://www.geonames.org/1801792	Honan;Honanfu;LYA;Lac Duong;Lajan;Lo-yand;Lo-yang;Lo-yang-hsien;Lo-yang-shih;Lojan;Lojan shaary;Lojang;Lok-iong;Lok-iong-chhi;LoÌk-iÃ´ng-chhÄ«;Luo-jang;Luojan;Luojang;Luojangas;Luojango;Luoyang;LÅk-iÃ²ng;LÅ­ojango;Láº¡c DÆ°Æ¡ng;lk xei yng;loiani;lu'oyanga;luo yang;luo yang shi;lwoyang si;lwwyang;lwyangh;lwywyang;Ğ›Ğ°ÑĞ½;Ğ›Ğ¾ÑĞ½;Ğ›Ğ¾ÑĞ½ ÑˆĞ°Ğ°Ñ€Ñ‹;Ğ›ÑƒĞ¾ÑĞ½;Ğ›ÑƒĞ¾Ñ˜Ğ°Ğ½Ğ³;×œ×•×•-×™×× ×’;Ù„ÙˆØ¦ÙˆÛŒØ§Ù†Ú¯;Ù„ÙˆÙˆÛŒØ§Ù†Ú¯;Ù„ÙˆÙŠØ§Ù†Øº;Ù„ÙˆÙŠØ§Ú­ Ø´Û•Ú¾Ù‰Ø±Ù‰;à¤²à¥à¤“à¤¯à¤¾à¤‚à¤—;à¸¥à¸à¹€à¸­à¸µà¹‹à¸¢à¸‡;à½£à½´à½ à½¼à¼‹à½‘à½–à¾±à½„à¼‹à¼;áƒšáƒáƒ˜áƒáƒœáƒ˜;æ´›é˜³;æ´›é˜³å¸‚;æ´›é™½;æ´›é™½å¸‚;ë¤„ì–‘ ì‹œ	populated place	300008347;300008389	112.45361	34.68361	GeoNames	https://www.geonames.org/1801792
1176734	Hyderabad	GeoNames	https://www.geonames.org/1176734	PK	https://www.geonames.org/1176734	Chainterampant;HDD;Haidarabad;Haidarabadas;Hajdarabad;Hajderabado;Haydarabad;Haydarobod;Hiderabad;HiderÃ¡bÃ¡d;Hyderabad;Hyderabad i Pakistan;HyderÃ¢bÃ¢d;HyderÄbÄd;Khajdarabad;Khajderabad;aitarapat;hai de la ba;haidarabad;haidarabada;haidarabadi;haidelabadeu;haiderabado;hydr abad;hydrabad;hydrabad  snÚŒ;Î§Î±ÏŠÎ½Ï„ÎµÏÎ±Î¼Ï€Î¬Î½Ï„;Ğ¥Ğ°Ğ¹Ğ´Ğ°Ñ€Ğ°Ğ±Ğ°Ğ´;Ğ¥Ğ°Ñ˜Ğ´ĞµÑ€Ğ°Ğ±Ğ°Ğ´;×”×™×™×“×¨××‘××“;Ø­ÙŠØ¯Ø± Ø¢Ø¨Ø§Ø¯;Ø­ÙŠØ¯Ø±Ø¢Ø¨Ø§Ø¯ØŒ Ø³Ù†ÚŒ;Ø­ÛŒØ¯Ø±Ø¢Ø¨Ø§Ø¯;Ø­ÛŒØ¯Ø±Ø¢Ø¨Ø§Ø¯ØŒ Ø³Ù†Ø¯Ú¾;à¤¹à¥ˆà¤¦à¤°à¤¾à¤¬à¤¾à¤¦;à¤¹à¥ˆà¤¦à¤°à¤¾à¤¬à¤¾à¤¦à¥;à¨¹à©ˆà¨¦à¨°à¨¾à¨¬à¨¾à¨¦;à®à®¤à®°à®¾à®ªà®¾à®¤à¯;áƒ°áƒáƒ˜áƒ“áƒáƒ áƒáƒ‘áƒáƒ“áƒ˜;ãƒã‚¤ãƒ‡ãƒ©ãƒãƒ¼ãƒ‰;æµ·å¾—æ‹‰å·´;í•˜ì´ë°ë¼ë°”ë“œ	populated place	300008347;300008389	68.37366	25.39242	GeoNames	https://www.geonames.org/1176734
5110266	The Bronx	GeoNames	https://www.geonames.org/5110266	US	https://www.geonames.org/5110266	Borough of Bronx;Bronks;Bronx;The Bronx;Ğ‘Ñ€Ğ¾Ğ½ĞºÑ	populated place	300008347;300008389	-73.86641	40.84985	GeoNames	https://www.geonames.org/5110266
3625549	Valencia	GeoNames	https://www.geonames.org/3625549	VE	https://www.geonames.org/3625549	Balenzia;VLN;Valencia;Valencio;Valens;Valensi;Valensia;Valensii;Valensija;Valensiya;Valentia;Valentzia;Valincia;ValÃªncia;ba lun xi ya;balainsi'a;ballensia;barenshia;blnsyt;valensia;walnsya  wnzwyla;wlnsyh;Ğ’Ğ°Ğ»ĞµĞ½Ñ;Ğ’Ğ°Ğ»ĞµĞ½ÑĞ¸;Ğ’Ğ°Ğ»ĞµĞ½ÑĞ¸Ñ;Ğ’Ğ°Ğ»ĞµĞ½ÑĞ¸Ñ˜Ğ°;Ğ’Ğ°Ğ»ĞµĞ½ÑÑ–Ñ;ÕÕ¡Õ¬Õ¥Õ¶Õ½Õ«Õ¡;×•×œ× ×¡×™×”;Ø¨Ù„Ù†Ø³ÙŠØ©;ÙˆØ§Ù„Ù†Ø³ÛŒØ§ØŒ ÙˆÙ†Ø²ÙˆØ¦Ù„Ø§;ÙˆØ§Ù„ÛŒÚºØ³ÛŒØ§ØŒ Ú©Ø§Ø±Ø§Ø¨ÙˆØ¨Ùˆ;à¨¬à¨¾à¨²à©ˆà¨‚à¨¸à©€à¨†;áƒ•áƒáƒšáƒ”áƒœáƒ¡áƒ˜áƒ;ãƒãƒ¬ãƒ³ã‚·ã‚¢;å·´ä¼¦è¥¿äºš;ë°œë Œì‹œì•„	populated place	300008347;300008389	-68.00765	10.16202	GeoNames	https://www.geonames.org/3625549
1177662	Gujranwala	GeoNames	https://www.geonames.org/1177662	PK	https://www.geonames.org/1177662	Gajranvala;Gujranwala;Ğ“Ğ°Ğ¹Ñ€Ğ°Ğ½Ğ²Ğ°Ğ»Ğ°;Ú¯ÙˆØ¬Ø±Ø§Ù†ÙˆØ§Ù„Û	populated place	300008347;300008389	74.18705	32.15567	GeoNames	https://www.geonames.org/1177662
3689147	Barranquilla	GeoNames	https://www.geonames.org/3689147	CO	https://www.geonames.org/3689147	BAQ;Barankil'ja;Barankila;Barankilija;Barankilja;Barran'kigia;Barrancas de San Nicolas;Barrancas de San NicolÃ¡s;Barrankil'ja;Barrankilya;Barranquilha;Barranquilla;Killa;La Arenosa;Quilla;ba lan ji ya;ba leng ji ye;balangkiya;bar rang ki ya;baranakiya;barankija;barankwla;barankwyla;brnqyyh;byarenkvila;ÎœÏ€Î±ÏÏÎ±Î½ÎºÎ¯Î³Î¹Î±;Ğ‘Ğ°Ñ€Ğ°Ğ½ĞºĞ¸Ğ»Ñ;Ğ‘Ğ°Ñ€Ğ°Ğ½ĞºĞ¸Ñ™Ğ°;Ğ‘Ğ°Ñ€Ğ°Ğ½ĞºÑ–Ğ»ÑŒÑ;Ğ‘Ğ°Ñ€Ñ€Ğ°Ğ½ĞºĞ¸Ğ»ÑŒÑ;Ğ‘Ğ°Ñ€Ñ€Ğ°Ğ½ĞºÑ–Ğ»ÑŒÑ;×‘×¨× ×§×™×™×”;Ø¨Ø§Ø±Ø§Ù†ÙƒÙˆÙŠÙ„Ø§;Ø¨Ø§Ø±Ø§Ù†Ú©ÙˆÙ„Ø§;à¤¬à¥à¤¯à¤¾à¤°à¥‡à¤¨à¥à¤•à¥à¤µà¤¿à¤²à¤¾;à¨¬à¨¾à¨°à¨¾à¨™à¨•à©€à¨¯à¨¾;à¸šà¸²à¸£à¹Œà¸£à¸±à¸‡à¸à¸µà¸¢à¸²;áƒ‘áƒáƒ áƒáƒœáƒ™áƒ˜áƒšáƒ˜áƒ;ãƒãƒ©ãƒ³ã‚­ãƒ¼ã‚¸ãƒ£;å·´å…°åŸºäºš;å·´å†·åŸºä¹Ÿ;ë°”ë‘í‚¤ì•¼	populated place	300008347;300008389	-74.78132	10.96854	GeoNames	https://www.geonames.org/3689147
1802875	Guankou	GeoNames	https://www.geonames.org/1802875	CN	https://www.geonames.org/1802875	Guankou;Liu-yang-hsien;Liujang;Liuyang;Liuyang Shi;guan kou;liu yang;liu yang shi;Ğ›Ğ¸ÑƒÑĞ½Ğ³;å…³å£;æµé˜³;æµé˜³å¸‚	populated place	300008347;300008389	113.62709	28.15861	GeoNames	https://www.geonames.org/1802875
922704	Lubumbashi	GeoNames	https://www.geonames.org/922704	CD	https://www.geonames.org/922704	E'ville;Elisabethville;Elizabethstad;Elizabethville;Eâ€™ville;FBM;Lubumbashi;Lubumbashi shaary;Lubumbashy;Lubumbasi;Lubumbasis;LubumbaÅ¡i;LubumbaÅ¡is;Lumumbashi;lu ben ba xi;lubumabasi;lubumbasi;lubumbasi si;lwbmbashy;lwbwmbashy;rubunbashi;Ã‰lisabethville;Ğ›ÑƒĞ±ÑƒĞ¼Ğ±Ğ°ÑˆĞ¸;Ğ›ÑƒĞ±ÑƒĞ¼Ğ±Ğ°ÑˆĞ¸ ÑˆĞ°Ğ°Ñ€Ñ‹;Ğ›ÑƒĞ±ÑƒĞ¼Ğ±Ğ°ÑˆÑ‹;Ğ›ÑƒĞ±ÑƒĞ¼Ğ±Ğ°ÑˆÑ–;×œ×•×‘×•××‘××©×™;Ù„ÙˆØ¨Ù…Ø¨Ø§Ø´ÛŒ;Ù„ÙˆØ¨ÙˆÙ…Ø¨Ø§Ø´ÙŠ;Ù„ÙˆØ¨ÙˆÙ…Ø¨Ø§Ø´ÛŒ;à¨²à©‚à¨¬à©à¨®à¨¬à¨¾à¨¸à¨¼à©€;ãƒ«ãƒ–ãƒ³ãƒã‚·;ç›§æœ¬å·´å¸Œ;ë£¨ë¶ë°”ì‹œ;ë£¨ë¶ë°”ì‹œ ì‹œ	populated place	300008347;300008389	27.47938	-11.66089	GeoNames	https://www.geonames.org/922704
3452925	Porto Alegre	GeoNames	https://www.geonames.org/3452925	BR	https://www.geonames.org/3452925	POA;Porto Alegre;Porto Alegri;Porto AlegrÄ—;Porto Alenkre;Porto de Sao Francisco dos Casaes;Porto-Alegro;Portu-Alegre;Portu-Alegri;Portu-Alegry;Portualegri;Portus Alacer;Puerto Alegre;PÃ´rto de SÃ£o Francisco dos Casaes;a lei ge li gang;bwrtw alyghry;parto alegre;poleutuallegeuli;portu alegri;pwrtw algrh;Î ÏŒÏÏ„Î¿ Î‘Î»Î­Î³ÎºÏÎµ;ĞŸĞ¾Ñ€Ñ‚Ğ¾ ĞĞ»ĞµĞ³Ñ€Ğµ;ĞŸĞ¾Ñ€Ñ‚Ğ¾ ĞĞ»ĞµĞ³Ñ€Ğ¸;ĞŸĞ¾Ñ€Ñ‚Ñƒ-ĞĞ»ĞµĞ³Ñ€Ğµ;ĞŸĞ¾Ñ€Ñ‚Ñƒ-ĞĞ»ĞµĞ³Ñ€Ğ¸;ĞŸĞ¾Ñ€Ñ‚Ñƒ-ĞĞ»ĞµĞ³Ñ€Ñ‹;ĞŸĞ¾Ñ€Ñ‚Ñƒ-ĞĞ»ĞµĞ³Ñ€Ñ–;×¤×•×¨×˜×• ××œ×’×¨×”;Ø¨ÙˆØ±ØªÙˆ Ø£Ù„ÙŠØºØ±ÙŠ;Ù¾ÙˆØ±ØªÙˆ Ø§Ù„Ú¯Ø±Ù‡;Ù¾ÙˆØ±ØªÙˆ Ø§Ù„ÛŒÚ¯Ø±Û’;à¤ªà¥‹à¤°à¥à¤¤à¥‚ à¤…à¤²à¥‡à¤—à¥à¤°à¥€;à¦ªà¦°à§à¦Ÿà§‹ à¦†à¦²à§‡à¦—à§à¦°à§‡;áƒáƒáƒ áƒ¢áƒ£-áƒáƒšáƒ”áƒ’áƒ áƒ˜;ãƒãƒ«ãƒˆãƒ»ã‚¢ãƒ¬ã‚°ãƒ¬;é˜¿é›·æ ¼é‡Œæ¸¯;í¬ë¥´íˆ¬ì•Œë ˆê·¸ë¦¬	populated place	300008347;300008389	-51.23019	-30.03283	GeoNames	https://www.geonames.org/3452925
1625084	Tangerang	GeoNames	https://www.geonames.org/1625084	ID	https://www.geonames.org/1625084	Kota Tangerang;Kutha Tangerang;Tangarang;Tangerang;Tangerangas;tan ge lang;tang-elang;tangeran;tangrang;Ğ¢Ğ°Ğ½Ğ³ĞµÑ€Ğ°Ğ½Ğ³;ØªØ§Ù†Ú¯Ø±Ø§Ù†Ú¯;áƒ¢áƒáƒœáƒ’áƒ”áƒ áƒáƒœáƒ’áƒ˜;ã‚¿ãƒ³ã‚²ãƒ©ãƒ³;å¦æ ¼æœ—;íƒ•ì—ë‘	populated place	300008347;300008389	106.63	-6.17806	GeoNames	https://www.geonames.org/1625084
1262111	Najafgarh	GeoNames	https://www.geonames.org/1262111	IN	https://www.geonames.org/1262111	Najafgarh;Najafgarli	populated place	300008347;300008389	76.97982	28.60922	GeoNames	https://www.geonames.org/1262111
3904906	Santa Cruz de la Sierra	GeoNames	https://www.geonames.org/3904906	BO	https://www.geonames.org/3904906	Ciudad Santa Cruz;Ciudad de Santa Cruz de la Sierra;SRZ;Santa Cruz;Santa Cruz da Serra;Santa Cruz de la Sierra;Santa-Krus-de-la-Sierra;santakurusu;Ğ¡Ğ°Ğ½Ñ‚Ğ°-ĞšÑ€ÑƒÑ-Ğ´Ğµ-Ğ»Ğ°-Ğ¡Ğ¸ĞµÑ€Ñ€Ğ°;Ø³Ø§Ù†ØªØ§ Ú©Ø±ÙˆØ² Ø¯Ù„Ø§Ø³ÛŒÙ‡â€ŒØ±Ø§;ã‚µãƒ³ã‚¿ã‚¯ãƒ«ã‚¹	populated place	300008347;300008389	-63.18117	-17.78629	GeoNames	https://www.geonames.org/3904906
1808963	Handan	GeoNames	https://www.geonames.org/1808963	CN	https://www.geonames.org/1808963	Chan-tan;HDG;Ham GJan;Han-tan;Han-tan-chhi;Han-tan-hsien;Han-tan-shih;Handan;Handan Shi;Handanas;Handano;Hang-dang;HÃ m Äan;HÃ ng-dÄƒng;HÃ¢n-tan-chhÄ«;Khan'dan';Khandan;han dan;han dan shi;handan;handan si;Ğ¥Ğ°Ğ½Ğ´Ğ°Ğ½;Ğ¥Ğ°Ğ½ÑŒĞ´Ğ°Ğ½ÑŒ;×”×× ×“××Ÿ;Ø®Û•Ù†Ø¯Û•Ù† Ø´Û•Ú¾Ù‰Ø±Ù‰;Ù‡Ø§Ù†Ø¯Ø§Ù†;ÛØ§Ù†Ø¯Ø§Ù†;é‚¯éƒ¸å¸‚;é‚¯é„²;é‚¯é„²å¸‚;í•œë‹¨ ì‹œ	populated place	300008347;300008389	114.46778	36.60056	GeoNames	https://www.geonames.org/1808963
232422	Kampala	GeoNames	https://www.geonames.org/232422	UG	https://www.geonames.org/232422	Campala;IKampala;KLA;Kaempaala;Kambaala;Kampal;Kampala;Kampalo;Kanpala;kam pa la;kambala;kampala;kampalla;kan pa la;kanpara;kapala;kmpala;qmplh;ÎšÎ±Î¼Ï€Î¬Î»Î±;ĞšĞ°Ğ¼Ğ¿Ğ°Ğ»Ğ°;Ô¿Õ¡Õ´ÕºÕ¡Õ¬Õ¡;×§×××¤××œ×;×§××¤×œ×”;ÙƒØ§Ù…Ø¨Ø§Ù„Ø§;ÙƒØ§Ù…Ù¾Ø§Ù„Ø§;Ú©Ø§Ù…Ù¾Ø§Ù„Ø§;Ú©Ù…Ù¾Ø§Ù„Ø§;Ú©Ù…Ù¾Ø§Ù„Û;à¤•à¤‚à¤ªà¤¾à¤²à¤¾;à¤•à¤®à¥à¤ªà¤¾à¤²à¤¾;à¨•à©°à¨ªà¨¾à¨²à¨¾;à¬•à¬¾à¬®à­à¬ªà¬¾à¬²à¬¾;à®•à®®à¯à®ªà®¾à®²à®¾;à¸à¸±à¸¡à¸›à¸²à¸¥à¸²;à½€à½˜à¼‹à½”à¼‹à½£à¼;áƒ™áƒáƒ›áƒáƒáƒšáƒ;áŠ«áˆá“áˆ‹;ã‚«ãƒ³ãƒ‘ãƒ©;åå¸•æ‹‰;ìº„íŒ”ë¼	populated place	300008347;300008389	32.58219	0.31628	GeoNames	https://www.geonames.org/232422
1486209	Yekaterinburg	GeoNames	https://www.geonames.org/1486209	RU	https://www.geonames.org/1486209	Catharinoburgum;Ekaterimburgo;Ekaterinburg;Ekaterinburgo;Iekaterinbourg;Jekaterinburg;Jekaterinburga;Jekaterinburgas;Jekaterinenburg;Jekaterynburg;Jekatyerinburg;JekatÄ›rinburg;SVX;Sverdlovsk;Sverolovsk;Yekaterinburg;ekaterinburuku;ye ka jie lin bao;yekatelinbuleukeu;yqtrynbwrg;Ğ„ĞºĞ°Ñ‚ĞµÑ€Ğ¸Ğ½Ğ±ÑƒÑ€Ğ³;Ğ•ĞºĞ°Ñ‚ĞµÑ€Ğ¸Ğ½Ğ±ÑƒÑ€Ğ³;Ğ¡Ğ²ĞµÑ€Ğ´Ğ»Ğ¾Ğ²ÑĞº;×™×§×˜×¨×™× ×‘×•×¨×’;ã‚¨ã‚«ãƒ†ãƒªãƒ³ãƒ–ãƒ«ã‚¯;è‘‰å¡æ·ç³å ¡;ì˜ˆì¹´í…Œë¦°ë¶€ë¥´í¬	populated place	300008347;300008389	60.6122	56.8519	GeoNames	https://www.geonames.org/1486209
1336135	Khulna	GeoNames	https://www.geonames.org/1336135	BD	https://www.geonames.org/1336135	Khulna;KhulnÃ¢;Kkhelna;Kkhulna;Kulna;Kulno;khulana;khwlna;ku er na shi;kulna;kuruna;ĞšÑƒĞ»Ğ½Ğ°;ĞšÑ…ĞµĞ»Ğ½Ğ°;ĞšÑ…ÑƒĞ»Ğ½Ğ°;Ø®ÙˆÙ„Ù†Ø§;Ú©Ú¾Ù„Ù†Ø§;à¤–à¥à¤²à¤¨à¤¾;à¦–à§à¦²à¦¨à¦¾;à®•à¯à®²à¯à®©à®¾;ã‚¯ãƒ«ãƒŠ;åº“å°”çº³å¸‚;ì¿¨ë‚˜	populated place	300008347;300008389	89.56439	22.80979	GeoNames	https://www.geonames.org/1336135
